{
    "mtx": [
        [
            1418.9710280150086,
            0.0,
            1280.4376006489922
        ],
        [
            0.0,
            1419.8273409522374,
            862.847391272529
        ],
        [
            0.0,
            0.0,
            1.0
        ]
    ],
    "scale_x": 1418.9710280150086,
    "scale_y": 1419.8273409522374,
    "center_col": 1280.4376006489922,
    "center_row": 862.847391272529,
    "origin": "top-left",
    "projection_error, pix": 0.8380654454231262
}