{
    "mtx": [
        [
            1389.2083879457764,
            0.0,
            1245.012944194331
        ],
        [
            0.0,
            1393.0412173254279,
            947.506694184124
        ],
        [
            0.0,
            0.0,
            1.0
        ]
    ],
    "scale_x": 1389.2083879457764,
    "scale_y": 1393.0412173254279,
    "center_col": 1245.012944194331,
    "center_row": 947.506694184124,
    "origin": "top-left",
    "projection_error, pix": 0.894252598285675
}