{
    "mtx": [
        [
            1397.1150660013689,
            0.0,
            1366.487994261521
        ],
        [
            0.0,
            1399.5998803936734,
            947.1767224883217
        ],
        [
            0.0,
            0.0,
            1.0
        ]
    ],
    "scale_x": 1397.1150660013689,
    "scale_y": 1399.5998803936734,
    "center_col": 1366.487994261521,
    "center_row": 947.1767224883217,
    "origin": "top-left",
    "projection_error, pix": 0.8498428463935852
}