{
    "mtx": [
        [
            1396.9503382600192,
            0.0,
            1309.6369518338652
        ],
        [
            0.0,
            1398.3502375598102,
            985.349030897481
        ],
        [
            0.0,
            0.0,
            1.0
        ]
    ],
    "scale_x": 1396.9503382600192,
    "scale_y": 1398.3502375598102,
    "center_col": 1309.6369518338652,
    "center_row": 985.349030897481,
    "origin": "top-left",
    "projection_error, pix": 1.0058070421218872
}