{
    "mtx": [
        [
            1404.1703979830768,
            0.0,
            1267.6941793846906
        ],
        [
            0.0,
            1402.5230177100393,
            959.4855746511009
        ],
        [
            0.0,
            0.0,
            1.0
        ]
    ],
    "scale_x": 1404.1703979830768,
    "scale_y": 1402.5230177100393,
    "center_col": 1267.6941793846906,
    "center_row": 959.4855746511009,
    "origin": "top-left",
    "projection_error, pix": 1.056788682937622
}