{
    "mtx": [
        [
            1414.670550185098,
            0.0,
            1289.3772158823629
        ],
        [
            0.0,
            1422.833594784543,
            920.6284735993245
        ],
        [
            0.0,
            0.0,
            1.0
        ]
    ],
    "scale_x": 1414.670550185098,
    "scale_y": 1422.833594784543,
    "center_col": 1289.3772158823629,
    "center_row": 920.6284735993245,
    "origin": "top-left",
    "projection_error, pix": 0.5495027303695679
}