{
    "mtx": [
        [
            1349.6683878760566,
            0.0,
            1396.8958033206839
        ],
        [
            0.0,
            1354.588224847373,
            930.6286788412268
        ],
        [
            0.0,
            0.0,
            1.0
        ]
    ],
    "scale_x": 1349.6683878760566,
    "scale_y": 1354.588224847373,
    "center_col": 1396.8958033206839,
    "center_row": 930.6286788412268,
    "origin": "top-left",
    "projection_error, pix": 1.0647872686386108
}