{
    "mtx": [
        [
            1414.0293624594217,
            0.0,
            1342.4155370336998
        ],
        [
            0.0,
            1417.469867255395,
            897.3833628887058
        ],
        [
            0.0,
            0.0,
            1.0
        ]
    ],
    "scale_x": 1414.0293624594217,
    "scale_y": 1417.469867255395,
    "center_col": 1342.4155370336998,
    "center_row": 897.3833628887058,
    "origin": "top-left",
    "projection_error, pix": 0.9342862963676453
}