{
    "mtx": [
        [
            1394.1238387230883,
            0.0,
            1275.010554498383
        ],
        [
            0.0,
            1397.4025640951245,
            907.5740451638555
        ],
        [
            0.0,
            0.0,
            1.0
        ]
    ],
    "scale_x": 1394.1238387230883,
    "scale_y": 1397.4025640951245,
    "center_col": 1275.010554498383,
    "center_row": 907.5740451638555,
    "origin": "top-left",
    "projection_error, pix": 0.737925112247467
}