{
    "mtx": [
        [
            1407.581657316067,
            0.0,
            1311.5020583325281
        ],
        [
            0.0,
            1412.055241597909,
            1017.6407033655756
        ],
        [
            0.0,
            0.0,
            1.0
        ]
    ],
    "scale_x": 1407.581657316067,
    "scale_y": 1412.055241597909,
    "center_col": 1311.5020583325281,
    "center_row": 1017.6407033655756,
    "origin": "top-left",
    "projection_error, pix": 0.9881306886672974
}