{
    "mtx": [
        [
            1395.4715453422318,
            0.0,
            1309.6107273657294
        ],
        [
            0.0,
            1404.2256760056443,
            924.6863000526585
        ],
        [
            0.0,
            0.0,
            1.0
        ]
    ],
    "scale_x": 1395.4715453422318,
    "scale_y": 1404.2256760056443,
    "center_col": 1309.6107273657294,
    "center_row": 924.6863000526585,
    "origin": "top-left",
    "projection_error, pix": 0.7937172651290894
}