{
    "mtx": [
        [
            1398.3548997834398,
            0.0,
            1306.694740998315
        ],
        [
            0.0,
            1405.9458854809334,
            899.981331871614
        ],
        [
            0.0,
            0.0,
            1.0
        ]
    ],
    "scale_x": 1398.3548997834398,
    "scale_y": 1405.9458854809334,
    "center_col": 1306.694740998315,
    "center_row": 899.981331871614,
    "origin": "top-left",
    "projection_error, pix": 0.6419810056686401
}