{
    "Pickle": {
        "0.000186920166015625": 2163.020491792827,
        "0.0002574920654296875": 2642.6959344616607,
        "0.00038051605224609375": 2629.376978860276,
        "0.0005960464477539062": 2585.6101774923873,
        "0.0009717941284179688": 2558.017184501895,
        "0.0016269683837890625": 2579.1127849552217,
        "0.0027685165405273438": 2561.2206486248547,
        "0.004757881164550781": 2460.430049338875,
        "0.008227348327636719": 2401.398173007102,
        "0.014275550842285156": 2270.0765936364446,
        "0.024819374084472656": 2292.5662130523406,
        "0.04320049285888672": 1979.465543039653,
        "0.07524490356445312": 1475.168721980369,
        "0.13110923767089844": 982.5919835850722,
        "0.2284984588623047": 697.9988284988755,
        "0.39828014373779297": 406.3767782275831,
        "0.6942663192749023": 160.36836533494485,
        "1.2102670669555664": 95.59226885258856,
        "2.1098251342773438": 55.72372988126138,
        "3.678050994873047": 38.414806998122444,
        "6.411984443664551": 25.077041243182638,
        "11.178129196166992": 17.43327828563622,
        "19.487088203430176": 10.406532143950937,
        "33.972333908081055": 6.125959182449816,
        "59.22488212585449": 3.7593842788787706,
        "103.24837589263916": 2.1587327823245848,
        "179.99580192565918": 1.2606650006796547,
        "313.7918014526367": 0.7258928117129448,
        "547.0422239303589": 0.35549267786048416,
        "953.6744079589844": 0.08827461171509454
    },
    "Pyarrow": {
        "0.000186920166015625": 0.27937960907141257,
        "0.0002574920654296875": 942.5378660747599,
        "0.00038051605224609375": 941.8595661205122,
        "0.0005960464477539062": 932.6498300597777,
        "0.0009717941284179688": 950.7404510474247,
        "0.0016269683837890625": 941.869718269909,
        "0.0027685165405273438": 941.0611606980627,
        "0.004757881164550781": 917.2467344007025,
        "0.008227348327636719": 907.8651998073938,
        "0.014275550842285156": 878.0972032480646,
        "0.024819374084472656": 864.7796308635754,
        "0.04320049285888672": 844.0031029635644,
        "0.07524490356445312": 731.6513068740536,
        "0.13110923767089844": 625.4472263096271,
        "0.2284984588623047": 515.0042098135351,
        "0.39828014373779297": 401.88016233775886,
        "0.6942663192749023": 304.4629601429059,
        "1.2102670669555664": 216.77203142164953,
        "2.1098251342773438": 148.68705462718822,
        "3.678050994873047": 96.05062547020852,
        "6.411984443664551": 59.68043371039982,
        "11.178129196166992": 36.769117136542576,
        "19.487088203430176": 21.61865789432992,
        "33.972333908081055": 10.504204726987796,
        "59.22488212585449": 6.147788808681666,
        "103.24837589263916": 3.5229312964415733,
        "179.99580192565918": 2.098832415181555,
        "313.7918014526367": 1.192027240139702,
        "547.0422239303589": 0.5290993984485038,
        "953.6744079589844": 0.25349022398837295
    },
    "Plasma": {
        "0.000186920166015625": 782.0726698110524,
        "0.0002574920654296875": 810.6938284508766,
        "0.00038051605224609375": 807.1017461871523,
        "0.0005960464477539062": 813.923518492207,
        "0.0009717941284179688": 808.0007301527405,
        "0.0016269683837890625": 805.9173978969321,
        "0.0027685165405273438": 797.3967922141152,
        "0.004757881164550781": 797.0986721855455,
        "0.008227348327636719": 801.227641695622,
        "0.014275550842285156": 791.7561040188745,
        "0.024819374084472656": 781.5422807206709,
        "0.04320049285888672": 761.9977565071098,
        "0.07524490356445312": 737.0332080607942,
        "0.13110923767089844": 671.572282932839,
        "0.2284984588623047": 621.0137943434507,
        "0.39828014373779297": 517.0916782053886,
        "0.6942663192749023": 420.4339755558791,
        "1.2102670669555664": 350.9235963499397,
        "2.1098251342773438": 284.2601799504957,
        "3.678050994873047": 212.4927719872641,
        "6.411984443664551": 159.07869224032942,
        "11.178129196166992": 122.30333715939848,
        "19.487088203430176": 81.49334810510527,
        "33.972333908081055": 51.67712848205255,
        "59.22488212585449": 32.15479541330765,
        "103.24837589263916": 19.013507345689387,
        "179.99580192565918": 11.109590461508187,
        "313.7918014526367": 6.508695593812966,
        "547.0422239303589": 3.832996196068127,
        "953.6744079589844": 2.1338924456030597
    }
}