{
    "Pickle": {
        "0.000186920166015625": 2770.972871533842,
        "0.0002574920654296875": 3078.103146762171,
        "0.00038051605224609375": 3133.1755284686415,
        "0.0005960464477539062": 3176.5646424016627,
        "0.0009717941284179688": 3163.041456100828,
        "0.0016269683837890625": 3144.6233441154873,
        "0.0027685165405273438": 3108.6955990806346,
        "0.004757881164550781": 2975.264394117193,
        "0.008227348327636719": 2871.094696801734,
        "0.014275550842285156": 2723.7260789198526,
        "0.024819374084472656": 2484.6877015947352,
        "0.04320049285888672": 2306.9529666749577,
        "0.07524490356445312": 1966.1990704323052,
        "0.13110923767089844": 1587.4147073472159,
        "0.2284984588623047": 1284.1159153187666,
        "0.39828014373779297": 792.1560860578091,
        "0.6942663192749023": 201.0068344160855,
        "1.2102670669555664": 121.62061315157167,
        "2.1098251342773438": 77.70345275319734,
        "3.678050994873047": 55.19871085874885,
        "6.411984443664551": 41.88014607183517,
        "11.178129196166992": 29.926637567888356,
        "19.487088203430176": 20.955834724025223,
        "33.972333908081055": 11.33446381506029,
        "59.22488212585449": 7.005661692122395,
        "103.24837589263916": 4.1480194418327745,
        "179.99580192565918": 2.4610764507412948,
        "313.7918014526367": 1.4661317013773998,
        "547.0422239303589": 0.8379010123204207,
        "953.6744079589844": 0.48931332116127313
    },
    "Pyarrow": {
        "0.000186920166015625": 732.2586780848693,
        "0.0002574920654296875": 1225.5351786881868,
        "0.00038051605224609375": 1292.6269647715364,
        "0.0005960464477539062": 1269.814938343519,
        "0.0009717941284179688": 1377.9406235657982,
        "0.0016269683837890625": 1352.5922687962716,
        "0.0027685165405273438": 1333.7110746508831,
        "0.004757881164550781": 1342.8946219191535,
        "0.008227348327636719": 1389.125022275633,
        "0.014275550842285156": 1353.7145871615944,
        "0.024819374084472656": 1280.2928362657717,
        "0.04320049285888672": 1250.13588930401,
        "0.07524490356445312": 1171.9182818811187,
        "0.13110923767089844": 1028.7827294106967,
        "0.2284984588623047": 898.9679669894074,
        "0.39828014373779297": 673.2225540157964,
        "0.6942663192749023": 476.52494543549994,
        "1.2102670669555664": 306.8634073187526,
        "2.1098251342773438": 234.33492769189945,
        "3.678050994873047": 153.35232213964645,
        "6.411984443664551": 99.95374596898691,
        "11.178129196166992": 62.57531097936304,
        "19.487088203430176": 38.229405380252736,
        "33.972333908081055": 18.464378067218206,
        "59.22488212585449": 11.264557549655258,
        "103.24837589263916": 6.661004534999026,
        "179.99580192565918": 3.9388631449911986,
        "313.7918014526367": 2.278197773397284,
        "547.0422239303589": 1.3068076425258413,
        "953.6744079589844": 0.7278684757975821
    },
    "Plasma": {
        "0.000186920166015625": 942.3020710364774,
        "0.0002574920654296875": 1024.2580109944365,
        "0.00038051605224609375": 1048.4166903543778,
        "0.0005960464477539062": 1016.52332251941,
        "0.0009717941284179688": 1032.5754528364437,
        "0.0016269683837890625": 1030.6325817634593,
        "0.0027685165405273438": 1020.5768963393489,
        "0.004757881164550781": 1067.7278876316566,
        "0.008227348327636719": 1103.596557639317,
        "0.014275550842285156": 1113.3829080518235,
        "0.024819374084472656": 1104.1639049457085,
        "0.04320049285888672": 1059.3295426499453,
        "0.07524490356445312": 1033.9652036181317,
        "0.13110923767089844": 996.6105294141391,
        "0.2284984588623047": 946.9144633497325,
        "0.39828014373779297": 862.0825786328796,
        "0.6942663192749023": 753.371320755842,
        "1.2102670669555664": 512.311385425821,
        "2.1098251342773438": 370.48912993644456,
        "3.678050994873047": 297.02221618613817,
        "6.411984443664551": 253.3500285260763,
        "11.178129196166992": 201.31993647911185,
        "19.487088203430176": 155.05856797131284,
        "33.972333908081055": 115.0057867276154,
        "59.22488212585449": 81.42686698360102,
        "103.24837589263916": 50.957759283346164,
        "179.99580192565918": 31.527041965199615,
        "313.7918014526367": 18.037435502063147,
        "547.0422239303589": 10.337201903960366,
        "953.6744079589844": 5.625410832008633
    }
}