{"Pickle": {"9.462237358093262e-07": 9103.801989485377, "3.1581148505210876e-06": 9222.509436790546, "7.465481758117676e-06": 9121.691444663138, "1.45668163895607e-05": 5452.096043618919, "2.5160610675811768e-05": 2332.662162888475, "3.994535654783249e-05": 1549.5867714821559, "5.961954593658447e-05": 899.0639108376304, "8.488167077302933e-05": 679.3517669795759, "0.00011643022298812866": 414.3044944740238, "0.00015496369451284409": 261.61261510755935, "0.0002011805772781372": 223.73691836908876, "0.00025577936321496964": 173.59994878404413, "0.000319458544254303": 127.5496782316481, "0.00039291661232709885": 97.28440986484593, "0.00047685205936431885": 93.52167495124355, "0.0005719633772969246": 74.37662493395935, "0.0006789490580558777": 72.511365742146, "0.0007985075935721397": 55.44987009482843, "0.0009313374757766724": 48.130926822442575, "0.003143228590488434": 14.068223075722269, "0.007450595498085022": 5.008641007193385, "0.014551930129528046": 2.2203450708232917, "0.025145724415779114": 1.1188607547277376, "0.039930470287799835": 0.6377357005946028, "0.05960465967655182": 0.443699537111267, "0.08486678451299667": 0.3168315036708509, "0.11641533672809601": 0.2170477962409415, "0.15494880825281143": 0.15518845002099, "0.20116569101810455": 0.12877279791065468}, "Pyarrow": {"9.462237358093262e-07": 3088.711618053853, "3.1581148505210876e-06": 2813.7197328139873, "7.465481758117676e-06": 2499.770146392774, "1.45668163895607e-05": 2032.9279399873128, "2.5160610675811768e-05": 1274.3514212007553, "3.994535654783249e-05": 1033.469390057621, "5.961954593658447e-05": 706.0726818829069, "8.488167077302933e-05": 590.0568662368679, "0.00011643022298812866": 369.72966595553856, "0.00015496369451284409": 304.9642548415936, "0.0002011805772781372": 217.9446631652521, "0.00025577936321496964": 165.25649734365876, "0.000319458544254303": 122.92132818093137, "0.00039291661232709885": 140.66430520042974, "0.00047685205936431885": 128.5247315348243, "0.0005719633772969246": 88.95194500360832, "0.0006789490580558777": 82.56320069226169, "0.0007985075935721397": 74.5161933117772, "0.0009313374757766724": 59.752996412776795, "0.003143228590488434": 20.08080121129567, "0.007450595498085022": 7.690744898888731, "0.014551930129528046": 3.557023334036324, "0.025145724415779114": 1.6653450222498427, "0.039930470287799835": 1.0363985026648492, "0.05960465967655182": 0.5826718464764019, "0.08486678451299667": 0.34023376654068044, "0.11641533672809601": 0.2596728155361745, "0.15494880825281143": 0.21678158600260988, "0.20116569101810455": 0.13097333205887676}, "Plasma": {"9.462237358093262e-07": 3396.4759554628827, "3.1581148505210876e-06": 3351.6011794397537, "7.465481758117676e-06": 3296.606656359624, "1.45668163895607e-05": 3267.7341294283196, "2.5160610675811768e-05": 3132.209964211, "3.994535654783249e-05": 3003.062714329188, "5.961954593658447e-05": 2661.3360383171157, "8.488167077302933e-05": 2447.075296105426, "0.00011643022298812866": 2145.1116415449387, "0.00015496369451284409": 2122.1216198602897, "0.0002011805772781372": 1829.7919768788583, "0.00025577936321496964": 1502.8069470354667, "0.000319458544254303": 1376.4172949087058, "0.00039291661232709885": 1242.8430555884615, "0.00047685205936431885": 1097.7391344381153, "0.0005719633772969246": 879.3032072788233, "0.0006789490580558777": 851.5646988694863, "0.0007985075935721397": 714.142083601322, "0.0009313374757766724": 620.8226622958957, "0.003143228590488434": 209.79996757890058, "0.007450595498085022": 75.71227323463026, "0.014551930129528046": 45.05419216142998, "0.025145724415779114": 30.9230163139072, "0.039930470287799835": 19.032109182592457, "0.05960465967655182": 14.153308495545936, "0.08486678451299667": 7.461601805550669, "0.11641533672809601": 6.329977662086888, "0.15494880825281143": 5.526044473846483, "0.20116569101810455": 4.237740020257637}}