{"Pickle": {"0.000186920166015625": 15515.204407287609, "0.0002574920654296875": 15331.338954110397, "0.00038051605224609375": 15247.594244995124, "0.0005960464477539062": 15350.722709683621, "0.0009717941284179688": 15343.439437228732, "0.0016269683837890625": 15702.973691810497, "0.0027685165405273438": 15488.538513071895, "0.004757881164550781": 15131.754364168768, "0.008227348327636719": 14807.370334511048, "0.014275550842285156": 14865.93736824805, "0.024819374084472656": 14384.755618075747, "0.04320049285888672": 13643.295418546435, "0.07524490356445312": 11455.005314381713, "0.13110923767089844": 9232.261545173913, "0.2284984588623047": 7941.690283629304, "0.39828014373779297": 3224.9738332921115, "0.6942663192749023": 1894.11842698616, "1.2102670669555664": 1116.2841835289296, "2.1098251342773438": 610.819651946498, "3.678050994873047": 302.7241660822591, "6.411984443664551": 155.56100266607456, "11.178129196166992": 87.92969348858288, "19.487088203430176": 48.84738143652318, "33.972333908081055": 17.379050553218264, "59.22488212585449": 10.210359433351753, "103.24837589263916": 5.889087529825717, "179.99580192565918": 3.403338945895598, "313.7918014526367": 1.9593860941787233, "547.0422239303589": 1.1136486482091144, "953.6744079589844": 0.6302309206684832}, "Pyarrow": {"0.000186920166015625": 5748.930266905352, "0.0002574920654296875": 6435.728663571863, "0.00038051605224609375": 6662.910083355591, "0.0005960464477539062": 6580.147581065633, "0.0009717941284179688": 6581.654134394131, "0.0016269683837890625": 6810.624634896202, "0.0027685165405273438": 6785.271543230752, "0.004757881164550781": 6722.604802265268, "0.008227348327636719": 6613.823057580573, "0.014275550842285156": 5919.705905429186, "0.024819374084472656": 5237.383624877194, "0.04320049285888672": 5652.553302726039, "0.07524490356445312": 5523.171467050982, "0.13110923767089844": 4510.608241346318, "0.2284984588623047": 4594.177623887304, "0.39828014373779297": 3636.034564841618, "0.6942663192749023": 2790.2945301926075, "1.2102670669555664": 1999.0171509891093, "2.1098251342773438": 1188.4653981135075, "3.678050994873047": 665.8328201666179, "6.411984443664551": 323.71739714633037, "11.178129196166992": 172.87024737498453, "19.487088203430176": 112.18343720599118, "33.972333908081055": 31.126049167629038, "59.22488212585449": 19.518569281497605, "103.24837589263916": 11.447457646150957, "179.99580192565918": 6.418198083004515, "313.7918014526367": 3.726422468740315, "547.0422239303589": 2.1031958336846404, "953.6744079589844": 1.0605713268494996}, "Plasma": {"0.000186920166015625": 4944.633520401972, "0.0002574920654296875": 4949.697006802521, "0.00038051605224609375": 4746.511538443355, "0.0005960464477539062": 4974.076101933193, "0.0009717941284179688": 5008.421277925021, "0.0016269683837890625": 4938.314235942191, "0.0027685165405273438": 4808.009141352548, "0.004757881164550781": 4783.291921012887, "0.008227348327636719": 4863.172374746886, "0.014275550842285156": 4869.029411425547, "0.024819374084472656": 4747.0901874337205, "0.04320049285888672": 4930.4469579954275, "0.07524490356445312": 4880.299228963157, "0.13110923767089844": 4767.134312006498, "0.2284984588623047": 4496.170526443815, "0.39828014373779297": 4120.622473607001, "0.6942663192749023": 3784.9566169061395, "1.2102670669555664": 2656.165814482081, "2.1098251342773438": 2445.282443439076, "3.678050994873047": 2086.439081839014, "6.411984443664551": 1565.4790283798689, "11.178129196166992": 698.1589308838326, "19.487088203430176": 381.6522112095337, "33.972333908081055": 206.47995691495095, "59.22488212585449": 142.23809759216178, "103.24837589263916": 80.53980422657564, "179.99580192565918": 46.756813078568214, "313.7918014526367": 27.08279581086034, "547.0422239303589": 15.564612169075213, "953.6744079589844": 8.924537728928954}}