{"Pickle": {"9.462237358093262e-07": 0.009858844261777296, "7.465481758117676e-06": 0.058231061123207466, "2.5160610675811768e-05": 0.05711557928525964, "5.961954593658447e-05": 0.06030848841871034, "0.00011643022298812866": 0.05123893584272248, "0.0002011805772781372": 0.042953862068300555, "0.000319458544254303": 0.050749888392336254, "0.00047685205936431885": 0.04978489969103884, "0.0006789490580558777": 0.043504572683773994, "0.0009313374757766724": 0.04789902572224697, "0.003143228590488434": 0.05060005020516064, "0.007450595498085022": 0.04198983316442987, "0.014551930129528046": 0.035134878796183835, "0.025145724415779114": 0.032530054475423446, "0.039930470287799835": 0.030339686613479994, "0.05960465967655182": 0.027227565045638287, "0.08486678451299667": 0.02691877477359886, "0.11641533672809601": 0.0261675113063731, "0.15494880825281143": 0.02589998657979968, "0.20116569101810455": 0.016110416970974522}, "Pyarrow": {"9.462237358093262e-07": 0.0024684689611652396, "7.465481758117676e-06": 0.017219681584103193, "2.5160610675811768e-05": 0.029916843038597412, "5.961954593658447e-05": 0.03863645094481561, "0.00011643022298812866": 0.04482401604701267, "0.0002011805772781372": 0.04288900004105771, "0.000319458544254303": 0.03581814091990134, "0.00047685205936431885": 0.047344665159356626, "0.0006789490580558777": 0.06139879754327518, "0.0009313374757766724": 0.046981176690814516, "0.003143228590488434": 0.058722134245933616, "0.007450595498085022": 0.05558005931373496, "0.014551930129528046": 0.05148355972091206, "0.025145724415779114": 0.04763843098777741, "0.039930470287799835": 0.043010067336171146, "0.05960465967655182": 0.041713848493671594, "0.08486678451299667": 0.04149109142416805, "0.11641533672809601": 0.03568361232974089, "0.15494880825281143": 0.03587580703016378, "0.20116569101810455": 0.03137202788401404}, "Plasma": {"9.462237358093262e-07": 0.003112059538220274, "7.465481758117676e-06": 0.019675028584361234, "2.5160610675811768e-05": 0.0767309423333041, "5.961954593658447e-05": 0.1611969927579334, "0.00011643022298812866": 0.21721502188831515, "0.0002011805772781372": 0.3160944364107955, "0.000319458544254303": 0.38740142570689423, "0.00047685205936431885": 0.47561194220377, "0.0006789490580558777": 0.5068576735874969, "0.0009313374757766724": 0.551294269711527, "0.003143228590488434": 0.6902691054099264, "0.007450595498085022": 0.7342318587027756, "0.014551930129528046": 0.6550476928079821, "0.025145724415779114": 0.6021598882534643, "0.039930470287799835": 0.7755233498845039, "0.05960465967655182": 0.7705308790468939, "0.08486678451299667": 0.7550783682684613, "0.11641533672809601": 0.8170429366561067, "0.15494880825281143": 0.831454986612146, "0.20116569101810455": 0.8674351875321915}}